company_id,metric,original_text
SBILIFE,revenue_cagr,TTM:            43%
SBILIFE,pat_cagr,TTM:                 18%
SBILIFE,roe,Last Year:      12%
TCS,revenue_cagr,TTM:            5%             
TCS,pat_cagr,TTM:                 8%
TCS,roe,Last Year:       52%
WIPRO,revenue_cagr,TTM:           -3%
WIPRO,pat_cagr,TTM:                 1%
WIPRO,roe,Last Year:       14%
HDFCBANK,revenue_cagr,TTM:            47%
HDFCBANK,pat_cagr,TTM:                27%
HDFCBANK,roe,Last Year:    17%
INFY,revenue_cagr,TTM:            3%
INFY,pat_cagr,TTM:                 8%
INFY,roe,Last Year:     32%
