company_id,company_name,broad_sector,industry,ratio_year,net_profit_margin_pct,operating_profit_margin_pct,return_on_equity_pct,return_on_capital_employed_pct,return_on_assets_pct,debt_to_equity,interest_coverage,free_cash_flow_cr,revenue_cagr_5yr,composite_quality_score,market_cap_year,market_cap,pe_ratio,pb_ratio,dividend_yield,cluster_id,cluster_name
ABB,Abbott India Ltd,Industrials,Capital Goods,2024.0,20.53,24.84,34.11,47.5,23.72,0.02,141.75,1095.0,,103.2,2024,1536236.24,75.58,4.48,12.63,0,Low Growth / Core
ADANIENSOL,Adani Energy Solutions Ltd,Energy,Power & Utilities,2024.0,7.2,34.39,5.7,10.54,1.73,1.86,2.28,1095.0,,49.02,2024,348517.36,58.5,9.05,14.83,0,Low Growth / Core
ADANIENT,Adani Enterprises Ltd,Industrials,Conglomerates,2024.0,3.46,11.8,7.96,10.24,1.83,1.92,2.75,-8455.0,,25.05,2024,187927.97,58.87,10.41,33.01,2,FCF Growth Leaders
ADANIGREEN,Adani Green Energy Ltd,Energy,Renewable Energy,2024.0,13.67,79.37,11.91,11.0,1.28,6.38,1.71,-13347.0,,106.23,2024,510512.78,45.26,6.24,21.78,1,Leveraged Growth
ADANIPORTS,Adani Ports & Special Economic Zone Ltd,Industrials,Infrastructure,2024.0,30.34,58.36,14.17,15.1,6.43,0.88,5.95,8250.0,,109.3,2024,675598.01,48.9,2.31,31.76,3,High-Margin Businesses
ADANIPOWER,Adani Power Ltd,Energy,Power & Utilities,2024.0,41.37,36.2,37.23,30.01,18.8,0.67,8.3,17651.0,,133.6,2024,1372183.55,44.57,9.91,24.76,2,FCF Growth Leaders
AMBUJACEM,Ambuja Cements Ltd,Materials,Cement,2024.0,14.29,19.3,9.41,15.25,6.19,0.02,28.26,-3295.0,,49.19,2024,1281411.04,55.62,9.21,27.67,0,Low Growth / Core
APOLLOHOSP,"Apollo Hospitals
Chain of Indian private hospitals",Healthcare,Healthcare,2024.0,4.91,12.56,12.47,16.8,4.78,0.98,5.57,383.0,,34.72,2024,1905622.43,47.72,7.68,16.74,2,FCF Growth Leaders
ASIANPAINT,"Asian Paints
Indian Multi-National Paint and Coating Manufacturing Company",Materials,Paints & Coatings,2024.0,15.66,21.37,30.84,40.93,18.86,0.14,41.0,3556.0,,86.73,2024,2126725.18,73.37,3.9,23.94,2,FCF Growth Leaders
ATGL,Adani Total Gas Ltd,Energy,Gas Distribution,2024.0,14.93,24.67,17.08,21.72,9.76,0.37,10.5,,,66.44,2024,1535602.41,56.96,5.76,28.93,2,FCF Growth Leaders
AXISBANK,Axis Bank Ltd,Financials,Private Banks,2024.0,22.73,34.69,15.83,2.61,1.64,8.25,1.69,-14556.0,,74.89,2024,948868.63,38.14,4.66,16.87,1,Leveraged Growth
BAJAJ-AUTO,Bajaj Auto Ltd,Consumer Discretionary,Two Wheelers,2024.0,17.18,19.53,24.88,28.89,16.81,0.17,174.42,6486.0,,78.4,2024,653817.3,29.91,9.83,20.14,2,FCF Growth Leaders
BAJAJFINSV,Bajaj Finserv Ltd,Financials,Diversified Financials,2024.0,14.13,37.04,22.82,10.56,2.59,4.66,2.2,-79634.0,,76.58,2024,1905112.17,15.07,6.08,39.72,1,Leveraged Growth
BAJAJHLDNG,Bajaj Holdings & Investment Ltd,Financials,Holding Companies,2024.0,432.73,91.77,12.31,12.58,10.15,0.0,3764.5,1469.0,,546.96,2024,2191568.13,37.73,9.38,27.47,3,High-Margin Businesses
BAJFINANCE,Bajaj Finance Ltd,Financials,Consumer Finance,2024.0,26.29,29.29,16.65,3.93,3.44,3.74,2689.17,-79931.0,,75.67,2024,2473271.58,69.2,4.11,15.96,1,Leveraged Growth
BANKBARODA,Bank of Baroda,Financials,Public Sector Banks,2024.0,15.94,37.49,15.76,2.82,1.14,12.14,1.9,-7559.0,,70.33,2024,590971.02,16.89,4.15,24.7,1,Leveraged Growth
BEL,Bharat Electronics Ltd,Industrials,Defence Electronics,2024.0,19.66,24.92,4379.12,3385.21,1771.11,0.86,476.75,-1265.0,,6194.81,2024,1354781.06,17.89,9.22,23.14,4,High ROE Compounders
BHARTIARTL,Bharti Airtel Ltd,Communication Services,Telecommunications,2024.0,5.71,52.2,9.83,23.95,1.86,2.59,3.31,27809.0,,69.6,2024,378605.83,63.78,6.28,39.71,2,FCF Growth Leaders
BHEL,Bharat Heavy Electricals Limited,Industrials,Capital Goods,2024.0,1.18,2.98,1.17,3.96,0.46,0.38,1.59,-2382.0,,5.79,2024,540053.85,29.8,11.43,21.59,0,Low Growth / Core
BOSCHLTD,Bosch Ltd,Consumer Discretionary,Auto Ancillaries,2024.0,14.89,12.52,19.55,28.67,13.44,0.0,71.78,1536.0,,60.4,2024,2599556.05,58.43,6.47,16.07,0,Low Growth / Core
BPCL,Bharat Petroleum Corporation Ltd,Energy,Oil & Gas Refining,2024.0,5.99,9.84,34.83,34.65,12.72,0.76,11.36,25415.0,,63.38,2024,468662.13,68.15,0.72,26.59,0,Low Growth / Core
BRITANNIA,Britannia Industries Ltd,Consumer Staples,Food Products,2024.0,12.73,18.89,66.48,56.64,22.54,0.86,20.6,3050.0,,120.64,2024,324745.74,63.91,4.26,33.95,4,High ROE Compounders
CANBK,Canara Bank,Financials,Public Sector Banks,2024.0,13.94,41.75,16.72,3.16,1.0,14.87,1.61,13296.0,,73.41,2024,496415.88,36.74,12.61,25.23,1,Leveraged Growth
CHOLAFIN,Cholamandalam Investment & Finance Company Ltd,Financials,Consumer Finance,2024.0,17.85,28.1,15.97,3.02,1.88,7.38,21.21,-38538.0,,63.8,2024,971931.96,16.79,10.36,13.52,1,Leveraged Growth
CIPLA,Cipla Ltd,Healthcare,Pharmaceuticals,2024.0,16.12,75.59,14.65,67.68,11.99,0.02,35.34,1152.0,,118.35,2024,439803.15,59.75,5.93,33.7,3,High-Margin Businesses
COALINDIA,Coal India Ltd,Materials,Mining & Metals,2024.0,26.26,66.29,38.85,90.74,14.99,0.08,11.24,13617.0,,146.39,2024,454024.84,34.27,14.75,25.15,3,High-Margin Businesses
DABUR,Dabur India Ltd,Consumer Staples,Personal Products,2024.0,14.6,19.35,17.48,23.79,11.06,0.17,23.24,1042.0,,62.49,2024,56521.84,50.95,13.59,12.02,0,Low Growth / Core
DIVISLAB,Divis Laboratories Ltd,Healthcare,Pharmaceuticals,2024.0,20.4,28.17,11.66,18.54,10.27,0.0,636.25,992.0,,70.5,2024,1615028.67,69.95,12.34,31.81,2,FCF Growth Leaders
DLF,DLF Ltd,Real Estate,Real Estate,2024.0,42.38,33.05,6.77,5.96,4.35,0.11,7.46,1010.0,,86.55,2024,1381712.03,46.26,14.32,10.41,0,Low Growth / Core
DMART,Avenue Supermarts Ltd,Consumer Discretionary,Retail,2024.0,4.99,8.08,12.59,20.39,11.01,0.04,73.29,278.0,,36.67,2024,3053088.97,72.53,11.71,36.84,0,Low Growth / Core
DRREDDY,Dr Reddys Laboratories Ltd,Healthcare,Pharmaceuticals,2024.0,19.91,28.32,18.14,24.83,11.94,0.16,51.71,509.0,,78.31,2024,2441803.28,11.73,10.19,14.56,0,Low Growth / Core
EICHERMOT,Eicher Motors Ltd,Consumer Discretionary,Two Wheelers,2024.0,24.2,26.18,21.08,30.18,16.41,0.02,114.71,890.0,,87.87,2024,222391.83,15.62,13.61,19.29,0,Low Growth / Core
GAIL,GAIL (India) Ltd,Energy,Gas Distribution,2024.0,7.43,10.74,11.82,16.42,7.68,0.23,23.62,4360.0,,37.67,2024,1531867.57,25.84,9.54,33.07,2,FCF Growth Leaders
GODREJCP,Godrej Consumer Products Ltd,Consumer Staples,Personal Products,2024.0,-3.98,20.98,-4.61,4.68,-2.96,0.31,2.41,-1365.0,,9.43,2024,1327797.2,33.59,8.07,23.55,0,Low Growth / Core
GRASIM,Grasim Industries Ltd,Industrials,Diversified Industrials,2024.0,7.58,20.76,10.68,11.14,2.21,1.7,3.02,-33833.0,,41.23,2024,478951.82,79.35,5.68,15.23,0,Low Growth / Core
HAL,Hindustan Aeronautics Ltd,Industrials,Defence & Aerospace,2024.0,25.0,32.09,3669.08,3519.03,1595.59,0.6,270.88,1814.0,,5321.76,2024,2643616.86,71.89,3.65,8.76,4,High ROE Compounders
HAVELLS,Havells India Ltd,Industrials,Consumer Electricals,2024.0,6.84,10.12,16.31,26.21,9.9,0.04,25.36,335.0,,43.17,2024,2521508.87,45.41,14.08,30.73,0,Low Growth / Core
HCLTECH,HCL Technologies Ltd,Information Technology,IT Services,2024.0,14.29,22.02,22.81,34.41,15.75,0.08,46.46,15840.0,,74.87,2024,412593.29,63.63,5.44,31.21,2,FCF Growth Leaders
HDFCBANK,HDFC Bank Ltd,Financials,Private Banks,2024.0,23.07,61.41,14.34,4.89,1.62,6.81,1.4,35669.0,,100.44,2024,808359.03,49.42,4.4,22.54,1,Leveraged Growth
HDFCLIFE,HDFC Life Insurance Company Ltd,Financials,Life Insurance,2024.0,1.55,99.48,10.09,609.83,0.47,0.06,192.29,-2893.0,,111.59,2024,47027.6,50.59,11.28,31.63,3,High-Margin Businesses
HEROMOTOCO,Hero MotoCorp Ltd,Consumer Discretionary,Two Wheelers,2024.0,9.9,86.15,19.68,166.17,12.79,0.03,47.27,3095.0,,128.52,2024,1593400.88,53.86,12.6,28.27,3,High-Margin Businesses
HINDALCO,Hindalco Industries Ltd,Materials,Metals & Mining,2024.0,4.7,88.95,8.82,109.06,4.03,0.53,126.47,9789.0,,106.5,2024,722281.1,56.45,9.32,27.63,3,High-Margin Businesses
HINDUNILVR,Hindustan Unilever Ltd,Consumer Staples,FMCG,2024.0,16.61,76.32,20.25,90.15,12.73,0.03,57.85,10145.0,,125.91,2024,548890.59,34.51,11.88,7.52,3,High-Margin Businesses
ICICIBANK,ICICI Bank Ltd,Financials,Private Banks,2024.0,28.89,62.41,17.99,5.22,1.95,6.45,1.3,12547.0,,111.24,2024,1319221.86,25.76,6.2,38.28,1,Leveraged Growth
ICICIGI,ICICI Lombard General Insurance Company Ltd,Financials,General Insurance,2024.0,9.37,87.42,14.08,131.54,2.82,0.0,160.03,486.0,,113.69,2024,1271789.21,49.0,7.86,36.96,3,High-Margin Businesses
ICICIPRULI,ICICI Prudential Life Insurance Company Ltd,Financials,Life Insurance,2024.0,0.94,102.03,7.35,796.04,0.26,0.0,31.02,105.0,,110.58,2024,1596987.55,20.83,12.38,22.57,3,High-Margin Businesses
INDIGO,Interglobe Aviation Ltd,Consumer Discretionary,Airlines,2024.0,11.85,76.3,856.98,5405.65,659.16,0.02,22.61,9424.0,,1604.29,2024,1040632.92,76.23,7.87,24.64,4,High ROE Compounders
INDUSINDBK,IndusInd Bank Ltd,Financials,Private Banks,2024.0,19.56,38.55,14.25,3.56,1.74,6.89,1.88,-17468.0,,74.1,2024,1807433.12,8.99,3.7,28.79,1,Leveraged Growth
INFY,Infosys Ltd,Information Technology,IT Services,2024.0,17.08,23.7,29.02,41.44,18.5,0.1,87.52,20117.0,,88.3,2024,1112279.92,35.99,8.97,36.7,2,FCF Growth Leaders
IOC,Indian Oil Corporation,Energy,Oil & Gas Refining,2024.0,5.56,9.74,23.8,23.5,8.46,0.9,10.28,39635.0,,47.56,2024,1418164.33,28.61,4.24,33.71,0,Low Growth / Core
IRCTC,Indian Railway Catering & Tourism Corporation Ltd,Consumer Discretionary,Travel & Tourism,2024.0,26.02,34.33,31.54,44.1,16.34,0.01,82.74,667.0,,108.23,2024,1258520.29,60.44,5.74,32.47,2,FCF Growth Leaders
IRFC,Indian Railway Finance Corporation Ltd,Financials,Speciality Finance,2024.0,24.06,99.5,12.46,5.83,1.3,7.83,1.32,7906.0,,137.32,2024,2618348.58,9.81,3.91,16.66,1,Leveraged Growth
ITC,ITC Ltd,Consumer Staples,Diversified FMCG,2024.0,29.28,37.02,27.57,38.42,22.06,0.0,362.96,18742.0,,115.93,2024,332245.58,47.85,3.24,17.19,2,FCF Growth Leaders
JINDALSTEL,Jindal Steel & Power Ltd,Materials,Steel,2024.0,11.8,20.26,12.55,16.03,7.18,0.36,8.0,-2336.0,,51.79,2024,396587.97,77.64,5.73,20.22,0,Low Growth / Core
JIOFIN,Jio Financial Services Ltd,Financials,Diversified Financials,2024.0,86.52,84.04,1.17,1.45,1.11,0.0,198.8,763.0,,172.84,2024,1401774.99,34.24,9.91,26.41,3,High-Margin Businesses
JSWENERGY,JSW Energy Ltd,Energy,Power & Utilities,2024.0,15.02,46.86,6.17,9.95,2.66,1.1,2.85,-1963.0,,70.71,2024,110870.53,24.79,9.88,35.95,0,Low Growth / Core
JSWSTEEL,JSW Steel Ltd,Materials,Steel,2024.0,5.13,16.09,11.26,16.95,3.85,1.2,3.66,-2389.0,,36.33,2024,2612646.38,69.27,4.37,35.49,2,FCF Growth Leaders
KOTAKBANK,Kotak Mahindra Bank Ltd,Financials,Private Banks,2024.0,32.39,83.67,14.01,7.23,2.37,4.0,1.24,6766.0,,132.44,2024,430223.52,32.9,1.15,15.52,3,High-Margin Businesses
LICI,Life Insurance Corporation of India,Financials,Life Insurance,2024.0,4.84,3.87,41.91,48.76,0.72,0.0,371.94,853.0,,51.34,2024,183583.67,30.67,8.1,12.21,0,Low Growth / Core
LODHA,Macrotech Developers Ltd,Real Estate,Real Estate,2024.0,15.06,25.83,8.55,10.37,3.28,0.44,5.63,-435.0,,52.72,2024,1209919.99,51.95,7.65,34.33,2,FCF Growth Leaders
LT,Larsen & Toubro Ltd,Industrials,Engineering & Construction,2024.0,7.03,13.51,73.77,144.06,54.06,0.11,3.54,20445.0,,148.37,2024,1124597.5,30.8,2.48,16.63,4,High ROE Compounders
LTIM,LTIMindtree Ltd,Information Technology,IT Services,2024.0,12.91,17.98,21.76,30.29,15.94,0.11,31.93,1752.0,,68.59,2024,1347046.9,64.52,2.38,18.9,2,FCF Growth Leaders
M&M,Mahindra & Mahindra Ltd,Consumer Discretionary,Automobiles,2024.0,8.82,17.9,17.4,15.05,4.81,1.66,3.76,-11245.0,,48.93,2024,4173085.48,14.22,0.81,29.08,0,Low Growth / Core
MARUTI,Maruti Suzuki India Ltd,Consumer Discretionary,Automobiles,2024.0,9.51,13.13,15.13,25.62,11.08,0.0,117.91,4936.0,,48.85,2024,1503863.63,20.78,8.26,29.97,0,Low Growth / Core
MOTHERSON,Samvardhana Motherson International Ltd,Consumer Discretionary,Auto Ancillaries,2024.0,3.06,9.45,9.25,16.3,3.09,0.78,5.22,925.0,,24.85,2024,146151.16,9.54,2.38,33.39,0,Low Growth / Core
NAUKRI,Info Edge (India) Ltd,Communication Services,Internet & Platforms,2024.0,23.46,28.04,1.42,2.41,1.19,0.01,28.97,-150.0,,54.11,2024,563824.44,32.88,8.33,11.87,2,FCF Growth Leaders
NESTLEIND,Nestle India Ltd,Consumer Staples,Food Products,2024.0,16.12,23.83,98.57,136.97,35.41,0.09,41.19,2938.0,,173.93,2024,1677775.19,54.96,14.34,15.49,4,High ROE Compounders
NHPC,NHPC Ltd,Energy,Power & Utilities,2024.0,41.82,49.91,10.03,9.19,4.12,0.85,11.24,970.0,,105.88,2024,1740404.25,71.17,13.74,18.26,0,Low Growth / Core
NTPC,NTPC Ltd,Energy,Power & Utilities,2024.0,11.95,28.83,12.68,13.81,4.33,1.44,4.6,8644.0,,57.79,2024,907823.11,30.8,5.24,37.12,2,FCF Growth Leaders
ONGC,Oil & Natural Gas Corpn Ltd,Energy,Oil & Gas Exploration,2024.0,9.66,17.39,16.21,21.3,7.54,0.54,11.36,42060.0,,50.8,2024,390111.05,18.15,10.36,11.72,0,Low Growth / Core
PFC,Power Finance Corporation Ltd,Financials,Speciality Finance,2024.0,28.92,36.69,24.05,3.3,2.4,8.27,0.58,-101229.0,,92.06,2024,2011885.81,35.6,6.59,15.67,1,Leveraged Growth
PIDILITIND,Pidilite Industries Ltd,Materials,Specialty Chemicals,2024.0,14.11,21.87,20.05,30.47,13.7,0.04,54.33,955.0,,69.73,2024,162274.18,36.12,12.3,5.36,2,FCF Growth Leaders
PNB,Punjab National Bank,Financials,Public Sector Banks,2024.0,8.4,,61.32,20.24,12.65,3.68,0.21,-29445.0,,82.37,2024,1825925.6,19.29,10.91,23.64,4,High ROE Compounders
POWERGRID,Power Grid Corporation of India Ltd,Energy,Power Transmission,2024.0,33.97,86.87,16.92,18.81,6.1,1.33,4.6,24176.0,,143.86,2024,372584.24,64.39,5.1,23.07,3,High-Margin Businesses
RECLTD,REC Ltd,Financials,Speciality Finance,2024.0,29.77,100.77,19.24,8.6,2.38,6.58,1.6,-59554.0,,152.16,2024,291917.42,31.49,4.59,23.95,1,Leveraged Growth
RELIANCE,Reliance Industries Ltd,Energy,Conglomerates,2024.0,8.79,18.07,9.64,15.18,4.35,0.44,7.73,45207.0,,40.85,2024,432472.71,58.34,3.25,24.96,2,FCF Growth Leaders
SBILIFE,SBI Life Insurance Company Ltd,Financials,Life Insurance,2024.0,1.43,0.19,11.65,13.3,0.42,0.0,240.33,-2099.0,,13.69,2024,886097.71,69.98,9.48,31.04,2,FCF Growth Leaders
SBIN,State Bank of India,Financials,Public Sector Banks,,,,,,,,,,,,2024,2400436.05,54.93,2.72,21.53,1,Leveraged Growth
SHREECEM,Shree Cement Ltd,Materials,Cement,2024.0,8.45,22.02,8.3,22.67,6.22,0.08,19.83,1929.0,,44.99,2024,3154358.33,25.87,1.21,26.58,0,Low Growth / Core
SHRIRAMFIN,Shriram Finance Ltd,Financials,Consumer Finance,2024.0,20.33,28.92,14.12,4.05,2.69,3.97,0.68,-31359.0,,66.06,2024,868933.47,68.53,7.91,28.82,1,Leveraged Growth
SIEMENS,Siemens Ltd,Industrials,Capital Goods,2024.0,12.22,13.96,17.7,25.77,10.74,0.02,67.15,1168.0,,54.62,2024,1191331.95,33.32,9.25,30.88,2,FCF Growth Leaders
SUNPHARMA,Sun Pharmaceuticals Industries Ltd,Healthcare,Pharmaceuticals,2024.0,19.82,26.84,13.9,19.37,10.91,0.04,58.33,11372.0,,71.47,2024,1339586.09,37.9,6.71,21.41,2,FCF Growth Leaders
TATACONSUM,Tata Consumer Products Ltd,Consumer Staples,Food & Beverages,2024.0,7.99,15.02,6.35,9.97,3.92,0.15,25.32,26.0,,33.28,2024,350543.35,54.79,7.14,24.84,0,Low Growth / Core
TATAMOTORS,Tata Motors Ltd,Consumer Discretionary,Automobiles,2024.0,7.26,13.6,31.47,31.41,8.14,1.05,6.53,45133.0,,60.47,2024,1504106.64,67.07,0.93,15.35,2,FCF Growth Leaders
TATAPOWER,Tata Power Company Ltd,Energy,Power & Utilities,2024.0,6.97,17.47,12.71,15.38,2.95,1.73,3.05,3569.0,,40.1,2024,1647269.48,14.5,3.48,12.02,0,Low Growth / Core
TATASTEEL,Tata Steel Ltd,Materials,Steel,2024.0,-2.14,9.71,-5.45,8.57,-1.75,1.1,2.16,6048.0,,0.37,2024,369110.65,48.97,9.23,38.87,2,FCF Growth Leaders
TCS,Tata Consultancy Services Ltd,Information Technology,IT Services,2024.0,19.14,26.69,45.42,61.3,28.61,0.09,87.1,50429.0,,119.86,2024,461188.15,78.69,6.08,29.94,4,High ROE Compounders
TECHM,Tech Mahindra Ltd,Information Technology,IT Services,2024.0,4.61,8.67,9.06,19.08,5.6,0.08,13.86,5058.0,,27.94,2024,3021095.64,57.4,7.43,7.85,0,Low Growth / Core
TITAN,Titan Company Ltd,Consumer Discretionary,Gems & Jewellery,2024.0,6.84,10.36,35.91,18.56,9.0,2.22,9.41,1506.0,,62.11,2024,1793769.72,10.13,10.51,21.0,2,FCF Growth Leaders
TORNTPHARM,Torrent Pharmaceuticals Ltd,Healthcare,Pharmaceuticals,2024.0,15.44,31.39,22.07,33.05,10.98,0.42,9.93,3106.0,,79.88,2024,1870170.39,46.4,6.43,27.93,0,Low Growth / Core
TRENT,Trent Ltd,Consumer Discretionary,Retail,2024.0,11.94,15.93,31.56,45.38,17.85,0.39,8.04,841.0,,77.28,2024,571322.04,8.65,11.82,34.65,2,FCF Growth Leaders
TVSMOTOR,TVS Motor Company Ltd,Consumer Discretionary,Two Wheelers,2024.0,4.54,14.05,22.93,25.05,3.96,1.88,2.91,-2254.0,,45.48,2024,266591.41,46.1,5.62,7.1,0,Low Growth / Core
